<!DOCTYPE suite SYSTEM "http://testng.org/testng-1.0.dtd">
<suite name="Suite" parallel="tests">
<!--    <test name="FirefoxTest"> -->
<!--    <parameter name="browser" value="firefox" /> -->
<!--       <classes> -->
<!--          <class name="ParamGrid.TestGrid_Calculator" /> -->
<!--       </classes> -->
<!--    </test> -->
   <test name="ChromeTest"> 
    
   <parameter name="browser" value="chrome" />
      <classes>
         <class name="ParamGrid.TestGrid_Calculator" />
      </classes>
   </test>
   <test name="IETest">
   <parameter name="browser" value="ie" />
      <classes>
         <class name="ParamGrid.TestGrid_Calculator" />
      </classes>
   </test>   
</suite>